{
  "created_at": "2026-01-26T17:08:59.174780+00:00",
  "total_duration_s": 3.805117223004345,
  "node_durations_sum_s": 3.2283877270529047,
  "config": {
    "channel": {
      "freq_center": 3800000000.0,
      "sc_num": 101,
      "sc_spacing": 5000000.0,
      "reflection_depth": 3,
      "seed": 41
    },
    "render": {
      "enabled": false,
      "every_n_steps": 0,
      "width": 640,
      "height": 360,
      "camera_x": 0.0,
      "camera_y": 0.0,
      "camera_z": 100.0
    },
    "snow": {
      "enabled": true,
      "box_size": 10.0,
      "levels": 1,
      "margin": 10.0
    },
    "debug": false
  },
  "versions": {
    "python": "3.11.7",
    "sionna": "1.2.1",
    "numpy": "1.26.4"
  },
  "anchors_hash_sha256": "c68e0f63106b2240376de2264c9c2c9514dc5f46fe848124566e45ef1924157d",
  "scene_xml_hash_sha256": "65ebcd5cd40c517df3dde79fb925984f0463b631dc4709b55084a4eac72c0e19",
  "nodes": {
    "Node 1": {
      "file": "Node 1.npz",
      "file_hash_sha256": "f352d201cb737a38febc2e388d491e3b86214067a274d99e514ff024e424db43",
      "trajectory_hash_sha256": "2e9afd451c23c02cc1425b36b3e4c41f8337167b507282464827fb8c9906b606",
      "duration_s": 3.2283877270529047,
      "n_samples": 3,
      "n_anchors": 5,
      "n_antennas": 2,
      "n_frequencies": 101
    }
  }
}