{
  "resolution_m": 0.5,
  "computation_time_s": 56.4454,
  "bounds": {
    "x_min": -538.144348,
    "x_max": 531.235657,
    "y_min": -521.214661,
    "y_max": 530.160706
  },
  "grid_size": {
    "n_x": 2140,
    "n_y": 2104,
    "total_positions": 4502560
  },
  "heightmap_stats": {
    "z_min": 0.3092857599258423,
    "z_max": 698.9441528320312,
    "z_range": 698.6348670721054
  },
  "coverage": {
    "valid_positions": 4494118,
    "coverage_percent": 99.81
  },
  "memory": {
    "bytes": 54030720,
    "kilobytes": 52764.38,
    "megabytes": 51.5277
  }
}