{
  "resolution_m": 1.0,
  "computation_time_s": 15.0608,
  "bounds": {
    "x_min": -538.144348,
    "x_max": 531.235657,
    "y_min": -521.214661,
    "y_max": 530.160706
  },
  "grid_size": {
    "n_x": 1071,
    "n_y": 1053,
    "total_positions": 1127763
  },
  "heightmap_stats": {
    "z_min": 0.612901508808136,
    "z_max": 698.9657592773438,
    "z_range": 698.3528577685356
  },
  "coverage": {
    "valid_positions": 1123540,
    "coverage_percent": 99.63
  },
  "memory": {
    "bytes": 13533156,
    "kilobytes": 13215.97,
    "megabytes": 12.9062
  }
}