{
  "created_at": "2026-01-26T16:28:53.678049+00:00",
  "total_duration_s": 34.916589303989895,
  "node_durations_sum_s": 34.865848312038,
  "config": {
    "channel": {
      "freq_center": 3800000000.0,
      "sc_num": 101,
      "sc_spacing": 5000000.0,
      "reflection_depth": 3,
      "seed": 41
    },
    "render": {
      "enabled": false,
      "every_n_steps": 0,
      "width": 640,
      "height": 360,
      "camera_x": 0.0,
      "camera_y": 0.0,
      "camera_z": 100.0
    },
    "snow": {
      "enabled": false,
      "box_size": 1.0,
      "levels": 1,
      "margin": 10.0
    },
    "debug": false
  },
  "versions": {
    "python": "3.11.7",
    "sionna": "1.2.1",
    "numpy": "1.26.4"
  },
  "anchors_hash_sha256": "c68e0f63106b2240376de2264c9c2c9514dc5f46fe848124566e45ef1924157d",
  "scene_xml_hash_sha256": "65ebcd5cd40c517df3dde79fb925984f0463b631dc4709b55084a4eac72c0e19",
  "nodes": {
    "Node 1": {
      "file": "Node 1.npz",
      "file_hash_sha256": "ca8839b9cb4cf713010255c9bfffe3e8f15cd4790e8d11ed65dcacb11ef0ad84",
      "trajectory_hash_sha256": "1ffd746209c1984b7bce6d5392c192ad2d413c1e0e730e4811ca90c33caa24cd",
      "duration_s": 34.865848312038,
      "n_samples": 120,
      "n_anchors": 5,
      "n_antennas": 2,
      "n_frequencies": 101
    }
  }
}