{
  "resolution_m": 10.0,
  "computation_time_s": 0.3888,
  "bounds": {
    "x_min": -483.595398,
    "x_max": 501.921997,
    "y_min": -482.416748,
    "y_max": 507.111267
  },
  "grid_size": {
    "n_x": 100,
    "n_y": 100,
    "total_positions": 10000
  },
  "heightmap_stats": {
    "z_min": 6.131779193878174,
    "z_max": 738.2597045898438,
    "z_range": 732.1279253959656
  },
  "coverage": {
    "valid_positions": 9604,
    "coverage_percent": 96.04
  },
  "memory": {
    "bytes": 120000,
    "kilobytes": 117.19,
    "megabytes": 0.1144
  }
}