{
  "resolution_m": 1.0,
  "computation_time_s": 19.7864,
  "bounds": {
    "x_min": -483.595398,
    "x_max": 501.921997,
    "y_min": -482.416748,
    "y_max": 507.111267
  },
  "grid_size": {
    "n_x": 987,
    "n_y": 991,
    "total_positions": 978117
  },
  "heightmap_stats": {
    "z_min": 0.6040878295898438,
    "z_max": 738.99609375,
    "z_range": 738.3920059204102
  },
  "coverage": {
    "valid_positions": 974165,
    "coverage_percent": 99.6
  },
  "memory": {
    "bytes": 11737404,
    "kilobytes": 11462.31,
    "megabytes": 11.1937
  }
}