{
  "nodes": [
    {
      "id": "Node",
      "x": -180.0,
      "y": 380.0,
      "z": 606.5511699905752,
      "z_terrain": 606.3511699905752,
      "size": 0.2
    }
  ],
  "anchors": []
}
